Quantidade;Tempo sem Bloom;Tempo com Bloom;Falsos positivos
1000;0.000000;0.000000;0.000000
10000;0.004000;0.005000;0.000000
100000;0.094000;0.056000;1.774500
