Quantidade;Tempo sem Bloom;Tempo com Bloom;Falsos positivos
1000;0.001000;0.000000;0.000000
10000;0.003000;0.002000;0.000000
100000;0.042000;0.040000;1.314000
